{"cameraMode":{"drawMode":0,"name":"Shaded","section":"Shading Mode"},"sceneLighting":false,"audioPlay":false,"sceneViewState":{"m_AlwaysRefresh":false,"showFog":true,"showSkybox":false,"showFlares":true,"showImageEffects":true,"showParticleSystems":true,"showVisualEffectGraphs":true,"m_FxEnabled":true},"in2DMode":false,"pivot":{"x":2.9200000762939455,"y":0.46000003814697268,"z":-3.5399999618530275},"rotation":{"x":0.0332818329334259,"y":0.9655391573905945,"z":-0.205189511179924,"w":0.15660662949085236},"size":0.6123724579811096,"orthographic":false}